,City,Cloudiness,Country,Date,Humidity,Lat,Lng,Max Temp,Wind Speed
0,Ushuaia,90,AR,1569424753,86,-54.81,-68.31,6.0,11.3
1,Mataura,95,NZ,1569424858,83,-46.19,168.86,3.89,2.24
2,Rikitea,0,PF,1569424859,67,-23.12,-134.97,21.67,2.19
3,Punta Arenas,20,CL,1569424835,48,-53.16,-70.91,8.0,16.5
4,Avarua,79,CK,1569424829,88,-21.21,-159.78,22.0,2.1
5,Batagay-Alyta,92,RU,1569424862,95,67.8,130.41,-7.13,1.49
6,Ketchikan,90,US,1569424734,100,55.34,-131.65,12.0,5.1
7,Lethem,0,GY,1569424866,51,3.38,-59.8,32.07,2.84
8,Bouake,75,CI,1569424867,62,7.69,-5.02,31.0,1.0
9,Hasaki,75,JP,1569424868,88,35.73,140.83,20.0,4.1
10,New Norfolk,55,AU,1569424869,66,-42.78,147.06,10.0,5.1
11,Souillac,100,FR,1569424870,93,45.6,-0.6,18.33,7.7
12,Hilo,40,US,1569424572,64,19.71,-155.08,23.0,3.1
13,Port Alfred,0,ZA,1569424873,66,-33.59,26.89,17.78,4.92
14,Vaini,75,IN,1569424874,94,15.34,74.49,23.0,4.1
15,Beloha,100,MG,1569424876,64,-25.17,45.06,19.27,6.03
16,Mpwapwa,75,TZ,1569424877,35,-6.35,36.49,27.57,5.74
17,Kitui,79,KE,1569424878,48,-1.37,38.02,26.77,5.72
18,Bredasdorp,0,ZA,1569424880,42,-34.53,20.04,25.0,9.8
19,Murray Bridge,42,AU,1569424881,73,-35.12,139.28,13.33,3.37
20,Hunterville,56,NZ,1569424882,61,-39.94,175.57,8.89,4.92
21,Kapaa,90,US,1569424884,83,22.08,-159.32,27.0,4.1
22,Suratgarh,85,IN,1569424887,41,29.32,73.9,33.67,5.11
23,Castro,40,CL,1569424888,76,-42.48,-73.76,14.0,6.2
24,North Bend,1,US,1569424889,100,43.41,-124.22,13.89,3.1
25,Tuatapere,100,NZ,1569424890,83,-46.13,167.69,3.89,2.24
26,Beira,75,ES,1569424891,68,43.2,-8.36,20.0,4.1
27,Busselton,95,AU,1569424893,60,-33.64,115.35,13.89,4.32
28,Ishinomaki,2,JP,1569424894,72,38.42,141.3,12.57,2.45
29,San Patricio,1,PY,1569424895,39,-26.98,-56.83,26.57,3.52
30,Comodoro Rivadavia,40,AR,1569424896,35,-45.87,-67.48,22.0,12.3
31,Butaritari,0,KI,1569424899,71,3.07,172.79,29.37,8.61
32,Nalut,0,LY,1569424900,11,31.86,10.98,37.67,7.11
33,Ahipara,69,NZ,1569424903,100,-35.17,173.16,8.33,14.11
34,Kaitangata,86,NZ,1569424906,83,-46.28,169.85,1.07,5.04
35,Horsham,59,AU,1569424907,94,-36.71,142.2,6.07,0.89
36,Pisco,90,PE,1569424908,30,-13.71,-76.2,22.0,3.6
37,Port Elizabeth,1,US,1569424909,38,39.31,-74.98,24.0,4.6
38,Thompson,75,CA,1569424910,70,55.74,-97.86,6.0,6.7
39,Coquimbo,90,CL,1569424912,81,-29.95,-71.34,20.56,1.5
40,Fez,20,MA,1569424913,13,34.03,-5.02,33.0,3.1
41,Albany,40,US,1569424635,63,42.65,-73.75,19.44,1.23
42,Broome,40,GB,1569424915,82,52.47,1.45,20.0,3.6
43,Adelanto,1,US,1569424916,21,34.58,-117.41,24.44,2.1
44,Cape Town,0,ZA,1569424803,33,-33.93,18.42,27.22,4.6
45,Kavieng,33,PG,1569424838,75,-2.57,150.8,28.47,3.48
46,Nelson Bay,100,AU,1569424921,93,-32.72,152.14,16.11,1.76
47,Clyde River,90,CA,1569424841,73,70.47,-68.59,1.0,2.1
48,Tuktoyaktuk,75,CA,1569424924,93,69.44,-133.03,2.0,2.6
49,Liverpool,75,GB,1569424925,82,53.41,-2.98,18.89,3.6
50,Chokurdakh,0,RU,1569424926,85,70.62,147.9,-4.43,2.37
51,Padang,100,ID,1569424927,84,-0.92,100.36,26.37,3.25
52,Norman Wells,40,CA,1569424928,86,65.28,-126.83,0.0,3.1
53,Bluff,41,AU,1569424930,86,-23.58,149.07,16.77,3.98
54,Airai,0,TL,1569424931,84,-8.93,125.41,21.07,1.89
55,Sobolevo,90,RU,1569424932,67,54.43,31.9,7.17,1.84
56,Gravdal,0,NO,1569424933,55,59.79,5.78,17.0,2.6
57,Saint-Philippe,75,CA,1569424936,82,45.36,-73.48,16.67,1.5
58,Cabo San Lucas,5,MX,1569424881,69,22.89,-109.91,27.22,2.6
59,Port Lincoln,31,AU,1569424938,70,-34.72,135.86,13.87,6.76
60,Esmeraldas,75,BR,1569424941,68,-19.76,-44.31,19.0,5.1
61,Buraydah,0,SA,1569424943,15,26.33,43.97,38.0,2.1
62,Tasiilaq,75,GL,1569424944,87,65.61,-37.64,7.0,1.28
63,Ancud,40,CL,1569424945,76,-41.87,-73.83,14.0,6.2
64,Esperance,100,AU,1569424814,93,-33.86,121.89,11.0,1.5
65,Oktyabrskiy,75,RU,1569424947,65,55.61,37.97,7.22,1.0
66,Santa Maria,40,BR,1569424949,37,-16.02,-48.01,29.44,3.6
67,Upernavik,95,GL,1569424950,78,72.79,-56.15,1.97,3.33
68,Cherskiy,0,RU,1569424951,81,68.75,161.3,-3.93,1.5
69,Rafraf,20,TN,1569424954,57,37.19,10.18,27.0,5.17
70,Mount Isa,67,AU,1569424955,27,-20.73,139.49,23.0,6.7
71,Cidreira,32,BR,1569424956,57,-30.17,-50.22,21.57,2.13
72,Mar del Plata,98,AR,1569424958,43,-46.43,-67.52,17.77,14.13
73,Concordia,0,AR,1569424959,41,-31.4,-58.02,24.0,1.78
74,Ayan,0,IR,1569424960,19,38.23,44.7,14.67,1.84
75,Hermanus,0,ZA,1569424961,44,-34.42,19.24,25.0,4.47
76,Ampanihy,100,MG,1569424962,69,-24.69,44.75,18.97,5.7
77,Leshukonskoye,100,RU,1569424964,93,64.9,45.76,3.77,4.05
78,Aksu,0,KZ,1569424965,52,52.04,76.93,5.0,2.0
79,Mongo,100,CD,1569424966,59,-5.62,14.6,27.57,2.12
80,Ballina,75,IE,1569424968,100,54.11,-9.15,17.22,5.1
81,Vestmannaeyjar,90,IS,1569424969,100,63.44,-20.27,11.0,5.1
82,Belomorsk,100,RU,1569424971,66,64.52,34.76,4.87,3.97
83,Colac,71,AU,1569424973,97,-38.34,143.59,6.67,0.37
84,Cocorit,20,MX,1569424974,83,27.57,-109.96,26.0,5.7
85,Jamestown,8,AU,1569424975,65,-33.21,138.6,9.47,3.6
86,Puerto Ayora,20,EC,1569424735,78,-0.74,-90.35,22.0,7.2
87,Gamba,77,CN,1569424978,33,28.28,88.52,6.37,0.13
88,Faya,40,SA,1569424979,14,18.39,42.45,26.0,5.1
89,Barrow,0,AR,1569424980,40,-38.31,-60.23,21.97,2.84
90,Cabedelo,40,BR,1569424981,54,-6.97,-34.84,29.0,8.2
91,Hamilton,75,CA,1569424744,60,43.26,-79.87,24.44,7.7
92,Necochea,0,AR,1569424983,75,-38.55,-58.74,14.44,2.24
93,Shimoda,71,JP,1569424984,83,34.7,138.93,21.67,2.68
94,Brumunddal,89,NO,1569424986,88,60.89,10.94,10.0,1.6
95,Georgetown,75,GY,1569424747,70,6.8,-58.16,31.0,3.1
96,Brae,75,GB,1569424989,87,60.4,-1.35,13.0,10.3
97,Chapais,90,CA,1569424990,87,49.78,-74.86,9.0,5.1
98,Am Timan,64,TD,1569424992,57,11.04,20.28,33.47,0.77
99,Sabang,96,PH,1569424993,85,13.8,121.11,26.11,1.61
100,Sovetskiy,81,RU,1569424994,78,56.76,48.47,3.27,2.52
101,Port Hardy,75,CA,1569424862,100,50.7,-127.42,9.0,1.0
102,Kaduy,40,RU,1569424996,60,59.2,37.15,5.0,1.0
103,Atar,0,MR,1569424997,9,20.52,-13.05,42.17,5.03
104,Arraial do Cabo,75,BR,1569424998,88,-22.97,-42.02,21.0,6.7
105,Provideniya,1,RU,1569425000,78,64.42,-173.23,-1.13,1.85
106,Sangar,7,RU,1569425001,90,63.92,127.47,0.87,0.78
107,Atuona,67,PF,1569425002,79,-9.8,-139.03,26.17,9.18
108,Constitucion,20,MX,1569425003,67,23.99,-104.67,19.44,3.1
109,Lorengau,18,PG,1569425004,83,-2.02,147.27,26.27,2.9
110,Nome,1,US,1569425005,66,30.04,-94.42,30.0,3.6
111,Carnarvon,0,ZA,1569425007,3,-30.97,22.13,23.87,7.41
112,Hayesville,1,US,1569425008,68,35.05,-83.82,26.0,0.56
113,Kamenka,90,MD,1569425009,48,48.03,28.7,18.89,2.68
114,Shashi,96,CN,1569425010,57,27.02,114.08,18.47,0.49
115,Malpe,75,IN,1569425012,88,13.35,74.72,26.0,1.5
116,Jijiga,99,ET,1569425015,50,9.35,42.8,20.87,2.71
117,Lompoc,1,US,1569424823,71,34.64,-120.46,19.0,1.5
118,Qaanaaq,100,GL,1569425017,78,77.48,-69.36,-6.33,3.04
119,Razole,100,IN,1569425018,95,16.48,81.84,25.57,3.03
120,Lebu,100,ET,1569425020,87,8.96,38.73,15.87,1.01
121,Seydi,0,NE,1569425022,35,13.34,7.75,37.0,1.0
122,Chuy,2,UY,1569425023,52,-33.69,-53.46,19.97,1.29
123,Luderitz,0,NA,1569425025,30,-26.65,15.16,27.0,2.1
124,Yulara,34,AU,1569424827,51,-25.24,130.99,17.0,2.6
125,Moissala,100,TD,1569425027,79,8.34,17.77,28.97,1.59
126,Sao Filipe,100,CV,1569425028,84,14.9,-24.5,26.07,6.67
127,Vila,20,IT,1569425029,44,45.18,8.4,25.56,2.6
128,Flinders,90,AU,1569425031,82,-34.58,150.85,13.0,2.6
129,Bandarbeyla,56,SO,1569425032,51,9.49,50.81,28.47,10.32
130,Isangel,82,VU,1569425033,74,-19.55,169.27,22.57,7.18
131,Shache,0,CN,1569425034,54,38.42,77.24,23.33,0.45
132,Camocim,47,BR,1569425036,30,-2.9,-40.84,36.87,3.15
133,Sola,100,TZ,1569425037,33,-3.17,33.8,29.27,2.39
134,Deputatskiy,28,RU,1569425039,95,69.3,139.9,-8.43,1.5
135,Pontarlier,75,CH,1569425040,76,46.9,6.35,18.0,5.7
136,Barcelos,83,BR,1569425021,49,-0.97,-62.93,33.87,1.41
137,Beringovskiy,0,RU,1569424986,84,63.05,179.32,-2.13,0.47
138,Hirado,40,JP,1569425044,78,33.32,129.49,23.0,3.1
139,Saskylakh,0,RU,1569424820,91,71.97,114.09,1.07,4.28
140,Vardo,1,US,1569425046,52,39.62,-77.74,24.44,1.5
141,Seoul,1,KR,1569424906,106,37.57,126.98,19.0,0.5
142,Makakilo City,90,US,1569425048,100,21.35,-158.09,26.0,4.68
143,Hobart,55,AU,1569424801,66,-42.88,147.33,10.0,4.6
144,Longyearbyen,75,NO,1569425050,100,78.22,15.63,3.0,1.0
145,Ribeira Grande,75,PT,1569425052,73,38.52,-28.7,24.0,4.1
146,Livingstonia,2,MW,1569424869,48,-10.61,34.11,19.87,3.92
147,Balkanabat,0,TM,1569425054,23,39.51,54.36,28.07,3.68
148,Talnakh,75,RU,1569425055,93,69.49,88.39,3.0,7.0
149,Sao Joao da Barra,90,BR,1569425058,64,-21.64,-41.05,23.0,4.1
150,Doha,0,QA,1569424805,59,25.29,51.53,34.0,4.6
151,Sucha Beskidzka,75,PL,1569425060,77,49.74,19.59,17.78,2.6
152,Plettenberg Bay,0,ZA,1569425052,29,-34.05,23.37,23.27,4.51
153,Hofn,90,IS,1569425062,93,64.25,-15.21,12.0,4.1
154,Mabai,94,CN,1569425064,89,23.01,104.4,15.77,2.78
155,Hithadhoo,100,MV,1569424868,71,-0.6,73.08,28.17,7.12
156,Singleton,99,AU,1569425066,93,-32.57,151.17,16.11,0.94
157,Alofi,100,NU,1569425067,93,-19.06,-169.92,19.0,1.5
158,Soyo,23,AO,1569425068,88,-6.13,12.37,24.27,5.47
159,Kuntaur,62,GM,1569425069,56,13.67,-14.89,33.47,2.99
160,Fort Dodge,90,US,1569425071,77,42.5,-94.17,18.33,3.1
161,Grand Gaube,75,MU,1569425072,94,-20.01,57.66,23.33,3.1
162,Ribeira Brava,75,PT,1569425073,78,32.65,-17.07,23.89,5.7
163,Sisimiut,0,GL,1569425074,74,66.94,-53.67,5.07,5.64
164,Vila Franca do Campo,40,PT,1569425076,69,37.72,-25.43,23.0,6.2
165,Dicabisagan,59,PH,1569425077,93,17.08,122.42,22.77,0.61
166,Saint-Francois,90,FR,1569425078,59,46.42,3.91,19.0,3.6
167,Saint-Georges,65,CA,1569425080,86,46.12,-70.67,11.67,2.13
168,Fuxin,0,CN,1569425082,71,42.02,121.65,14.97,2.1
169,Flin Flon,75,CA,1569425084,61,54.77,-101.88,8.0,5.7
170,Dikson,86,RU,1569425085,96,73.51,80.55,1.97,4.71
171,Saldanha,100,PT,1569425086,38,41.42,-6.55,22.57,3.38
172,Bayan,0,CN,1569425087,66,36.1,102.26,8.67,0.63
173,Tiksi,22,RU,1569425088,82,71.64,128.87,0.47,4.35
174,Kahului,1,US,1569424956,73,20.89,-156.47,23.33,2.6
175,Vostok,0,RU,1569425090,77,46.45,135.83,4.17,1.68
176,Los Llanos de Aridane,40,ES,1569425092,65,28.66,-17.92,26.0,7.2
177,Broken Hill,92,AU,1569425093,37,-31.97,141.45,13.0,4.6
178,Mayo,90,CA,1569425094,80,63.59,-135.9,4.0,1.0
179,Waipawa,0,NZ,1569425095,75,-39.94,176.59,6.11,8.05
180,Keetmanshoop,0,NA,1569425096,11,-26.57,18.15,31.0,6.7
181,Kawalu,100,ID,1569425099,89,-7.38,108.21,19.17,1.53
182,Noumea,0,NC,1569425100,82,-22.28,166.46,23.33,1.0
183,Poum,20,MK,1569425101,46,41.28,20.71,22.0,4.1
184,Aklavik,40,CA,1569425103,100,68.22,-135.01,2.0,1.84
185,Dingle,22,PH,1569425105,82,11.0,122.67,24.07,2.01
186,Tonstad,75,NO,1569425106,55,58.66,6.71,16.0,3.6
187,Bafra,75,TR,1569425108,88,41.57,35.91,19.0,1.0
188,Ponta do Sol,73,BR,1569425014,47,-20.63,-46.0,24.67,3.84
189,Erzin,0,TR,1569425111,65,36.95,36.2,28.0,7.7
190,Namatanai,43,PG,1569425112,83,-3.66,152.44,25.67,3.92
191,Mundo Nuevo,90,CL,1569425113,93,-32.72,-71.41,10.0,4.6
192,Tecoanapa,75,MX,1569425114,78,16.99,-99.26,28.0,1.5
193,Sadove,0,UA,1569425116,55,46.25,30.18,18.0,4.0
194,Robertsport,86,LR,1569425117,83,6.75,-11.37,27.07,4.0
195,Merke,0,KZ,1569425118,36,42.87,73.19,20.17,1.19
196,San Cristobal,99,HN,1569425119,71,14.68,-86.92,26.17,0.54
197,Agutaya,54,PH,1569425120,75,11.15,120.94,29.17,6.73
198,Limoeiro do Ajuru,8,BR,1569425122,42,-1.9,-49.38,34.97,2.67
199,Canutama,33,BR,1569425123,34,-6.53,-64.38,37.37,1.17
200,Cockburn Town,100,TC,1569425124,69,21.46,-71.14,28.77,3.25
201,East London,0,ZA,1569425125,55,-33.02,27.91,17.0,7.7
202,Nikolskoye,90,RU,1569425009,87,59.7,30.79,7.22,2.0
203,Faanui,87,PF,1569425128,76,-16.48,-151.75,25.97,7.76
204,Mahebourg,75,MU,1569425130,94,-20.41,57.7,23.33,3.1
205,Narsaq,20,GL,1569425076,46,60.91,-46.05,10.0,2.1
206,Aljezur,0,PT,1569424945,72,37.31,-8.8,27.22,1.79
207,Kabalo,100,CD,1569425133,45,-6.05,26.92,31.57,2.0
208,Lazaro Cardenas,20,MX,1569425134,82,28.39,-105.62,22.78,2.6
209,Save,100,BJ,1569425136,78,8.04,2.49,28.77,1.9
210,Shrewsbury,1,US,1569425052,49,39.77,-76.68,25.0,3.1
211,Sambava,0,MG,1569425057,77,-14.27,50.17,19.97,0.88
212,Celestun,100,MX,1569424870,79,20.87,-90.4,28.37,4.1
213,Geraldton,90,CA,1569425076,100,49.72,-86.95,11.0,3.1
214,Monrovia,75,LR,1569425144,79,6.33,-10.8,29.0,6.2
215,Yellowknife,90,CA,1569425145,93,62.45,-114.38,3.0,5.1
216,Puruaran,90,MX,1569425146,82,19.1,-101.53,19.0,0.26
217,Luganville,75,VU,1569425147,73,-15.51,167.18,25.0,5.1
218,Port Moresby,75,PG,1569424940,88,-9.47,147.16,25.0,5.1
219,Morondava,0,MG,1569425150,78,-20.3,44.28,23.87,14.61
220,Slave Lake,90,CA,1569425151,81,55.28,-114.77,9.0,8.7
221,Tignere,99,CM,1569425152,81,7.37,12.65,25.77,2.05
222,Torbay,90,CA,1569424854,100,47.66,-52.73,10.0,7.7
223,Klaksvik,75,FO,1569425155,100,62.23,-6.59,11.0,12.3
224,Pangnirtung,75,CA,1569425010,93,66.15,-65.72,4.0,1.0
225,Ous,97,RU,1569425158,79,60.91,61.52,1.47,4.36
226,Pouebo,95,NC,1569425159,90,-20.4,164.57,15.77,1.9
227,Ilulissat,75,GL,1569425160,80,69.22,-51.1,4.0,1.0
228,Sajkas,20,RS,1569425161,64,45.27,20.09,23.33,1.5
229,Severo-Kurilsk,94,RU,1569425163,88,50.68,156.12,7.37,15.61
230,Black River,20,JM,1569425164,70,18.03,-77.85,31.0,3.1
231,Ikornnes,0,NO,1569425165,76,62.39,6.56,14.0,1.5
232,Komsomolskiy,100,RU,1569425166,97,67.55,63.78,0.57,4.15
233,Mana,0,NG,1569425168,24,13.03,5.27,37.47,0.14
234,Mehamn,90,NO,1569425169,100,71.03,27.85,8.0,5.1
235,Santa Cruz,32,BR,1569425170,27,-6.22,-36.02,33.47,5.63
236,Lambarene,97,GA,1569425171,64,-0.7,10.22,28.77,2.83
237,Namibe,0,AO,1569425173,88,-15.19,12.15,21.37,4.24
238,Dalbandin,0,PK,1569425174,22,28.9,64.41,29.87,2.68
239,Kysyl-Syr,91,RU,1569425175,86,63.9,122.77,5.37,2.05
240,Bundaberg,40,AU,1569425176,88,-24.87,152.35,19.44,2.1
241,Uribia,100,CO,1569425177,59,11.71,-72.27,31.67,0.86
242,Pevek,95,RU,1569425178,81,69.7,170.27,1.17,5.56
243,Haines Junction,100,CA,1569425180,95,60.75,-137.51,0.67,2.14
244,Baraboo,1,US,1569425181,68,43.47,-89.74,22.22,4.6
245,Bathsheba,40,BB,1569425182,70,13.22,-59.52,31.0,5.7
246,Russell,90,US,1569425183,88,38.9,-98.86,20.56,5.1
247,Sol-Iletsk,47,RU,1569425187,55,51.16,55.0,6.67,2.79
248,Gornopravdinsk,99,RU,1569425188,68,60.06,69.92,2.37,3.98
249,Hami,0,CN,1569425192,13,42.84,93.51,23.37,2.37
250,Saint George,20,GR,1569425099,54,39.45,22.34,26.0,4.1
251,Solnechnyy,0,RU,1569425194,65,50.72,136.64,2.97,1.91
252,Narayangarh,100,IN,1569425195,91,24.28,75.06,24.27,3.55
253,San Roque,0,ES,1569425198,42,36.21,-5.38,31.0,7.2
254,Havelock,1,US,1569425204,47,34.88,-76.9,28.33,2.6
255,Yenagoa,100,NG,1569425205,83,4.92,6.26,26.87,4.14
256,High Level,20,CA,1569425207,86,58.52,-117.13,4.0,2.6
257,Sahuaripa,60,MX,1569425208,90,29.05,-109.23,22.27,1.1
258,Dakar,20,SN,1569425196,70,14.69,-17.45,31.0,4.1
259,Blythe,1,US,1569425210,47,33.61,-114.59,27.22,0.22
260,Touros,40,BR,1569425095,55,-5.2,-35.46,30.0,7.7
261,Khatanga,100,RU,1569425212,84,71.98,102.47,0.77,5.45
262,Lata,100,IN,1569425214,87,30.78,78.62,6.97,0.46
263,Batagay,100,RU,1569425216,74,67.65,134.64,1.37,1.3
264,Alice Springs,0,AU,1569425012,82,-23.7,133.88,14.0,3.6
265,Matara,75,BI,1569425219,51,-3.48,29.48,30.0,15.4
266,Harper,90,US,1569425220,74,30.3,-99.24,28.0,6.15
267,Omboue,63,GA,1569425222,85,-1.57,9.26,24.97,6.87
268,Shiringushi,73,RU,1569425223,81,53.85,42.77,3.67,1.12
269,Bambous Virieux,75,MU,1569425224,94,-20.34,57.76,23.33,3.1
270,Poshekhonye,22,RU,1569425225,71,58.5,39.12,3.77,2.27
271,Varnavino,98,RU,1569425227,89,61.19,46.56,1.97,3.45
272,Eyl,63,SO,1569425231,61,7.98,49.82,26.37,11.58
273,East Haven,20,US,1569425210,49,41.28,-72.87,22.22,2.6
274,Devonport,2,AU,1569425233,68,-41.18,146.36,7.78,1.83
275,Rodez,75,FR,1569425235,72,44.35,2.57,21.11,5.1
276,Ko Samui,20,TH,1569425003,83,9.54,99.94,29.0,4.66
277,Cap Malheureux,75,MU,1569425240,94,-19.98,57.61,23.33,3.1
278,Chippewa Falls,1,US,1569425188,62,44.94,-91.39,17.22,4.6
279,Yar-Sale,93,RU,1569425242,82,66.83,70.83,2.47,6.18
280,Sabancuy,0,MX,1569425244,72,18.97,-91.18,28.67,3.52
281,Ankazobe,75,MG,1569425245,38,-18.32,47.12,24.0,3.1
282,Moose Factory,90,CA,1569425032,87,51.26,-80.61,13.0,6.2
283,Hokitika,0,NZ,1569425249,66,-42.72,170.96,5.77,9.85
284,Marck,99,FR,1569425251,88,50.95,1.95,18.33,8.2
285,Oussouye,40,SN,1569425253,59,12.49,-16.54,33.0,1.0
286,Saqqez,0,IR,1569425254,17,36.24,46.27,20.77,7.29
287,Antofagasta,90,CL,1569425255,77,-23.65,-70.4,15.0,1.5
288,Kodiak,1,US,1569425256,68,39.95,-94.76,23.33,3.1
289,Boquete,40,PA,1569425258,83,8.78,-82.43,26.0,0.5
290,Carauari,47,BR,1569425259,42,-4.88,-66.9,34.47,1.77
291,Akalkot,86,IN,1569425260,86,17.53,76.22,24.57,1.94
292,Chotebor,40,CZ,1569425262,63,49.72,15.67,19.0,7.7
293,Emilio Carranza,36,MX,1569425263,69,19.97,-96.61,27.97,0.65
294,Itarema,89,BR,1569425265,34,-2.92,-39.92,34.97,6.28
295,Raymondville,75,US,1569425266,78,37.34,-91.83,25.56,4.1
296,Staryy Krym,100,UA,1569425268,55,45.03,35.1,12.27,2.92
297,Pangody,100,RU,1569425269,91,65.85,74.49,1.67,8.67
298,Itoman,75,JP,1569425270,78,26.12,127.67,26.0,5.1
299,Almaznyy,0,RU,1569425271,35,48.03,40.04,14.0,5.0
300,Bud,0,NO,1569425002,67,62.91,6.91,14.0,2.6
301,Kropotkin,100,RU,1569425274,50,45.43,40.58,15.56,6.11
302,Bongandanga,99,CD,1569425275,94,1.51,21.07,24.97,1.8
303,Evensk,100,RU,1569425279,80,61.92,159.24,0.27,8.6
304,Rio Gallegos,40,AR,1569425026,46,-51.62,-69.22,12.0,17.0
305,Najran,40,SA,1569425285,14,17.54,44.22,33.0,5.1
306,Ostrovnoy,100,RU,1569425286,91,68.05,39.51,2.77,6.89
307,Guapiacu,90,BR,1569425287,94,-20.8,-49.22,21.0,1.5
308,Pontianak,40,ID,1569425290,94,-0.02,109.34,26.0,3.46
309,Barcelona,20,ES,1569425295,69,41.38,2.18,25.0,4.1
310,Cabimas,69,VE,1569425299,73,10.39,-71.44,28.77,1.85
311,Mananum,21,PH,1569425300,83,8.83,124.95,26.67,1.79
312,Yagodnoye,64,RU,1569425302,67,62.52,149.63,-6.03,1.7
313,Rafaela,0,AR,1569425303,17,-31.25,-61.49,28.33,0.89
314,Talara,0,PE,1569425304,290,-4.58,-81.27,17.0,5.1
315,Pedernales,100,EC,1569425305,89,0.07,-80.05,22.47,7.5
316,Bassano,36,CA,1569425306,73,50.79,-112.47,7.78,3.44
317,Surt,0,LY,1569425308,69,31.21,16.59,25.97,3.96
318,Nefteyugansk,0,RU,1569425309,55,61.09,72.61,4.0,4.0
319,Anadyr,0,RU,1569425310,69,64.73,177.51,3.0,1.0
320,Lingao,0,CN,1569425312,67,19.91,109.69,26.67,4.62
321,Atasu,0,KZ,1569425313,35,48.68,71.64,9.37,1.84
322,Mao,75,DO,1569425032,88,19.55,-71.08,31.0,3.1
323,Xuddur,0,SO,1569425319,26,4.12,43.89,32.67,5.63
324,Miri,12,NG,1569425322,31,10.31,9.75,34.07,3.86
325,Tezu,8,IN,1569425323,82,27.93,96.16,21.07,1.23
326,Bethel,90,US,1569425326,93,60.79,-161.76,4.0,9.3
327,Camacha,40,PT,1569425330,73,33.08,-16.33,23.0,5.7
328,Dunedin,66,NZ,1569425161,68,-45.87,170.5,3.89,9.83
329,Along,84,IN,1569425333,99,28.17,94.8,13.77,0.48
330,Tiznit,0,MA,1569425334,81,29.7,-9.73,21.37,1.94
331,Kieta,94,PG,1569425335,81,-6.22,155.63,26.47,2.19
332,Borogontsy,0,RU,1569425337,95,62.67,131.17,-0.43,2.11
333,Forest,1,US,1569425338,61,32.36,-89.47,29.0,2.6
334,Pacific Grove,1,US,1569425339,45,36.62,-121.92,22.22,3.1
335,Kupang,0,ID,1569425340,80,-10.16,123.6,25.47,7.14
336,Waddan,0,LY,1569425341,19,29.16,16.14,37.07,4.79
337,Salinopolis,4,BR,1569425343,84,-0.61,-47.36,26.57,6.01
338,Nanortalik,0,GL,1569425344,72,60.14,-45.24,6.87,1.74
339,Lubao,100,CD,1569425345,62,-5.39,25.75,27.67,1.04
340,Seabra,75,BR,1569425346,54,-12.42,-41.77,26.0,2.6
341,Gwadar,0,PK,1569425347,82,25.12,62.33,28.87,7.2
342,Ambilobe,66,MG,1569425349,69,-13.19,49.05,25.47,2.16
343,Rawson,33,AR,1569425350,33,-43.3,-65.11,20.37,9.99
344,Sioux Lookout,20,CA,1569425324,81,50.1,-91.92,12.0,2.6
345,Kavaratti,100,IN,1569425352,73,10.57,72.64,27.97,4.23
346,Galveston,75,US,1569425354,56,40.58,-86.19,23.33,6.7
347,Chara,20,GR,1569425355,54,39.42,22.43,26.0,4.1
348,Brownsville,20,US,1569425298,70,25.91,-97.49,31.67,4.6
349,Astana,0,KZ,1569425357,42,51.13,71.43,8.0,2.0
350,Andreapol,100,RU,1569425358,86,56.65,32.27,5.17,1.21
351,Jalu,0,LY,1569425276,24,29.03,21.55,36.07,7.68
352,Hambantota,90,LK,1569425360,100,6.12,81.12,24.0,1.0
353,Te Anau,72,NZ,1569425362,71,-45.41,167.72,1.97,4.55
354,Meulaboh,100,ID,1569425363,75,4.14,96.13,27.67,2.28
355,Aksarka,100,RU,1569425364,90,66.56,67.8,1.27,7.14
356,Oros,20,HU,1569425365,100,47.95,21.8,16.0,2.1
357,Filingue,23,NE,1569425366,11,14.35,3.32,39.97,1.93
358,Dunkirk,100,FR,1569425367,88,51.03,2.38,17.22,8.2
359,Xique-Xique,15,BR,1569425369,50,-10.82,-42.73,25.67,2.21
360,Windhoek,0,NA,1569425370,5,-22.57,17.08,29.0,4.6
361,Perm,0,RU,1569425371,90,58.02,56.25,2.0,4.0
362,Victoria,75,BN,1569425096,79,5.28,115.24,30.0,3.1
363,Tura,85,RU,1569425374,85,64.27,100.22,-0.43,2.59
364,Tamandare,74,BR,1569425375,41,-8.28,-70.75,33.57,1.3
365,Abu Kamal,0,SY,1569425376,15,34.45,40.92,30.97,2.02
366,Bay-Khaak,100,RU,1569425377,85,51.16,94.47,10.87,1.67
367,Beaverlodge,75,CA,1569425380,87,55.21,-119.43,6.0,2.6
368,Deogarh,100,IN,1569425381,97,21.53,84.72,21.97,2.72
369,Borazjan,20,IR,1569425382,66,29.27,51.21,33.0,5.1
370,Kununurra,0,AU,1569425383,56,-15.77,128.74,21.0,0.5
371,Codrington,90,AU,1569425384,77,-28.95,153.24,19.0,1.5
372,Umm Kaddadah,0,SD,1569425386,14,13.6,26.69,37.77,5.36
373,Voineasa,40,RO,1569425387,48,45.42,23.96,18.0,4.1
374,Ust-Nera,0,RU,1569425388,69,64.57,143.24,-6.23,2.11
375,Tommot,97,RU,1569425389,97,58.97,126.27,3.27,1.58
376,Kushima,24,JP,1569425093,95,31.5,131.29,20.07,1.5
377,Qidong,100,CN,1569425391,66,31.81,121.66,23.89,2.25
378,Port Hedland,23,AU,1569425394,77,-20.31,118.58,20.0,3.6
379,San Policarpo,25,PH,1569425395,81,12.18,125.51,26.57,2.41
380,Portland,40,US,1569425397,52,43.66,-70.25,20.0,1.5
381,Oriximina,13,BR,1569425398,51,-1.77,-55.87,32.07,1.84
382,Magadan,100,RU,1569425400,60,59.56,150.8,2.57,8.63
383,Igarka,100,RU,1569425401,96,67.47,86.57,1.47,7.02
384,Elat,100,CM,1569425411,94,2.91,11.16,23.67,2.08
385,Igrim,100,RU,1569425413,79,63.19,64.42,2.07,5.08
386,Esna,90,RO,1569425415,68,45.2,27.57,19.0,3.6
387,Palembang,68,ID,1569425416,74,-2.99,104.76,25.27,2.09
388,Saiha,100,IN,1569425417,88,22.49,92.98,22.77,0.77
389,Iquique,20,CL,1569425423,63,-20.22,-70.14,17.0,4.6
390,Biskamzha,56,RU,1569425425,89,53.45,89.53,4.37,1.06
391,Coahuayana,55,MX,1569425426,88,18.62,-100.35,24.67,0.57
392,Kungurtug,100,RU,1569425427,59,50.6,97.53,10.97,0.69
393,Snasa,0,NO,1569425429,58,64.25,12.38,15.0,4.1
394,Ust-Maya,18,RU,1569425433,94,60.42,134.54,-0.53,1.9
395,Riyadh,0,SA,1569425437,14,24.63,46.72,37.0,3.1
396,Veraval,90,FR,1569425438,68,49.65,0.71,18.0,5.1
397,San Carlos de Bariloche,0,AR,1569425173,47,-41.13,-71.31,18.33,2.6
398,Ipameri,95,BR,1569425442,27,-17.72,-48.16,32.17,3.92
399,Darab,1,IR,1569425443,30,28.75,54.55,23.27,4.94
400,Nhulunbuy,3,AU,1569425445,94,-12.18,136.78,21.0,5.08
401,Mitsamiouli,2,KM,1569425446,78,-11.38,43.28,26.17,10.12
402,Simao,100,CN,1569425447,96,22.76,100.79,16.77,1.29
403,Cayenne,0,GF,1569425388,55,4.94,-52.33,33.0,2.6
404,Rocha,0,UY,1569425449,50,-34.48,-54.34,22.17,2.23
405,Kerewan,75,GM,1569425451,74,13.49,-16.09,31.0,1.5
406,Carlos Chagas,100,BR,1569425452,66,-17.7,-40.76,21.47,1.95
407,Santa Cruz del Sur,100,CU,1569425453,76,20.71,-78.0,29.17,3.3
408,Morecambe,20,GB,1569425454,82,54.07,-2.87,18.33,3.6
409,College,90,US,1569425414,98,64.86,-147.8,1.11,1.5
410,Inirida,93,CO,1569425456,54,3.87,-67.92,32.87,0.61
411,Hue,75,VN,1569425458,94,16.47,107.58,25.0,1.5
412,Lincoln,75,GB,1569425459,100,53.23,-0.54,18.89,3.6
413,Rapid Valley,90,US,1569425460,66,44.06,-103.15,13.33,5.84
414,Champerico,40,MX,1569425461,78,16.38,-93.6,26.0,0.89
415,Carballo,75,ES,1569425463,68,43.21,-8.69,20.56,4.1
416,Hovd,0,NO,1569425464,48,63.83,10.7,17.0,2.6
417,Oranjemund,0,ZA,1569425465,34,-28.55,16.43,23.97,5.71
418,Zhigalovo,67,RU,1569425466,71,54.81,105.15,9.77,1.42
419,Grindavik,75,IS,1569425399,87,63.84,-22.43,16.0,6.7
420,Buin,0,CL,1569425473,33,-33.73,-70.74,22.22,1.5
421,Nola,99,CF,1569425474,61,3.52,16.05,28.27,1.73
422,Revelstoke,90,CA,1569425476,100,50.99,-118.19,8.0,1.5
423,Puerto Leguizamo,59,CO,1569425477,53,-0.19,-74.78,30.37,1.94
424,Vila do Maio,75,CV,1569425478,62,15.13,-23.22,31.0,6.7
425,Sao Joao do Piaui,6,BR,1569425479,21,-8.36,-42.25,34.87,3.74
426,Leverkusen,75,DE,1569425480,63,51.03,6.99,18.89,2.6
427,Jerico,96,PE,1569425482,84,-6.15,-77.04,12.17,2.22
428,Sanguem,75,IN,1569425484,88,15.23,74.14,27.0,1.0
429,Tessalit,0,ML,1569425485,8,20.2,1.01,40.47,5.67
430,Esmeralda,0,CL,1569425487,46,-34.33,-70.9,21.0,2.1
431,Port Blair,94,IN,1569425489,82,11.67,92.75,27.97,6.42
432,Middlebury,75,US,1569425491,67,44.01,-73.17,18.33,2.01
433,Voznesenskoye,100,RU,1569425493,78,54.89,42.76,2.77,0.95
434,Juba,52,EE,1569425494,57,57.82,26.93,10.56,3.1
435,Williston,1,US,1569425495,62,48.15,-103.62,12.0,6.7
436,Fethiye,75,TR,1569425496,69,36.62,29.12,26.11,4.1
437,Winnemucca,0,US,1569425388,72,40.97,-117.74,11.67,2.36
438,Acton Vale,75,CA,1569425499,82,45.65,-72.56,15.0,1.5
439,Bagotville,90,AU,1569425500,77,-28.98,153.42,19.0,3.1
440,Qiongshan,0,CN,1569425502,94,20.01,110.35,23.0,1.0
441,Vila Velha,20,BR,1569425398,52,-3.71,-38.6,31.0,6.7
442,Hualmay,85,PE,1569425507,93,-11.1,-77.61,16.07,3.9
443,Sitka,6,US,1569425509,75,37.17,-99.65,22.78,2.68
444,Carahue,0,CL,1569425511,67,-38.71,-73.16,17.0,5.1
445,Sweetwater,1,US,1569425512,69,32.47,-100.41,28.33,6.7
446,La Ronge,40,CA,1569425514,75,55.1,-105.3,8.0,4.6
447,Leh,0,IN,1569425515,19,34.16,77.58,9.17,1.51
448,Mutare,100,MZ,1569425516,82,-18.97,32.67,14.37,2.03
449,Kruisfontein,0,ZA,1569425517,44,-34.0,24.73,18.57,8.97
450,Tabou,65,CI,1569425518,85,4.42,-7.36,26.47,3.82
451,Keti Bandar,18,PK,1569425520,81,24.14,67.45,29.77,3.8
452,Mudgee,100,AU,1569425521,75,-32.6,149.59,8.0,1.5
453,Pangani,75,KE,1569425522,94,-2.37,40.57,25.0,6.83
454,Ileza,88,RU,1569425524,93,61.05,43.9,0.67,2.09
455,Masty,0,BY,1569425525,58,53.42,24.54,13.0,4.0
456,Matay,0,EG,1569425526,15,28.42,30.79,33.27,3.77
457,Ouargaye,45,BF,1569425527,39,11.5,0.06,35.07,0.78
458,Marsa Matruh,0,EG,1569425430,61,31.35,27.25,28.0,5.1
459,Nouadhibou,0,MR,1569425531,65,20.93,-17.03,25.0,8.7
460,Pangoa,0,PE,1569425532,51,-12.12,-73.0,29.97,1.79
461,Leeton,19,AU,1569425533,80,-34.55,146.4,7.0,2.29
462,Pahrump,1,US,1569425339,27,36.21,-115.98,25.0,8.7
463,Burnie,10,AU,1569425537,68,-41.05,145.91,7.78,1.77
464,Dawei,95,MM,1569425538,73,14.07,98.19,28.07,6.15
465,Avera,1,US,1569425540,58,33.19,-82.53,31.67,1.5
466,Paragominas,12,BR,1569425541,38,-3.0,-47.35,36.07,1.99
467,Mogocha,0,RU,1569425542,88,53.73,119.76,5.27,0.63
468,Cheyenne,1,US,1569425355,50,41.14,-104.82,16.67,2.1
469,Timmins,90,CA,1569425418,100,48.48,-81.33,13.0,5.7
470,Rochegda,95,RU,1569425547,79,62.67,43.41,3.87,3.88
471,Chumikan,63,RU,1569425548,68,54.72,135.31,0.57,3.53
472,Fairbanks,90,US,1569425444,98,64.84,-147.72,1.11,1.5
473,Maiduguri,0,NG,1569425555,24,11.84,13.15,37.47,0.29
474,North Myrtle Beach,40,US,1569425484,74,33.83,-78.68,29.44,3.1
475,Taoudenni,0,ML,1569425557,6,22.68,-3.98,42.97,3.69
476,Sur,80,OM,1569425292,69,22.57,59.53,27.77,4.28
477,Abu Zabad,9,SD,1569425559,31,12.35,29.25,35.17,2.19
478,Tautira,65,PF,1569425564,69,-17.73,-149.15,24.0,1.5
479,Mezen,100,RU,1569425567,85,65.85,44.24,4.67,8.42
480,Genhe,0,CN,1569425571,86,50.78,121.52,6.57,0.25
481,Leningradskiy,100,RU,1569425572,83,69.38,178.42,0.47,3.01
482,Appingedam,90,NL,1569425573,82,53.32,6.86,18.33,4.6
483,Vao,100,EE,1569425574,93,59.1,26.19,8.07,0.26
484,Gillette,90,US,1569425576,54,44.29,-105.5,12.22,6.28
485,Sutton,1,US,1569425577,63,40.61,-97.86,21.67,3.1
486,Belaya Gora,100,RU,1569425579,74,68.54,146.19,-3.13,3.32
487,Kirakira,71,SB,1569425580,87,-10.46,161.92,24.87,2.95
488,Lavrentiya,0,RU,1569425417,89,65.58,-170.99,-2.73,1.57
489,Waingapu,0,ID,1569425583,80,-9.65,120.26,22.27,4.08
490,Dali,0,CN,1569425584,41,34.79,109.94,20.97,1.87
491,Ucluelet,40,CA,1569425585,100,48.94,-125.55,11.11,1.0
492,Zhigansk,100,RU,1569425586,84,66.77,123.37,4.47,4.39
493,Mackenzie,90,CA,1569425587,87,55.34,-123.09,6.0,2.6
494,Nantucket,1,US,1569425464,63,41.28,-70.1,20.0,6.2
495,Santa Isabel,20,MX,1569425590,38,32.63,-115.58,26.11,1.5
496,Rumia,0,PL,1569425591,72,54.57,18.4,15.56,3.1
497,Sechelt,20,CA,1569425592,87,49.47,-123.76,12.22,1.5
498,Nago,20,IT,1569425593,60,45.88,10.89,23.0,2.6
499,Nan,95,TH,1569425594,92,18.78,100.78,20.27,0.21
500,Gusau,67,NG,1569425595,34,12.17,6.66,34.07,1.67
501,Lerwick,75,GB,1569425474,100,60.15,-1.15,13.0,9.3
502,Talwara,7,IN,1569425597,61,31.94,75.88,28.37,1.68
503,Santa Rosa,0,AR,1569425599,22,-36.62,-64.29,26.87,1.72
504,Catia La Mar,75,VE,1569425600,78,10.6,-67.03,28.0,2.6
505,Brufut,75,GM,1569425601,74,13.38,-16.75,31.0,1.5
506,Syracuse,40,US,1569425306,63,43.05,-76.15,21.67,1.5
507,Mareeba,75,AU,1569425603,73,-16.99,145.42,23.0,5.7
508,Yate,75,GB,1569425604,77,51.54,-2.41,18.89,7.7
509,Port Augusta,0,AU,1569425605,87,-32.49,137.76,10.0,2.6
510,Stromness,20,CA,1569425607,56,42.87,-79.55,24.44,5.1
511,Sibiti,55,CG,1569425609,46,-3.69,13.35,31.37,2.12
512,Moussoro,51,TD,1569425610,13,13.64,16.49,40.47,5.68
513,Sume,40,RS,1569425611,56,43.62,20.22,23.0,3.1
514,Ocumare del Tuy,75,VE,1569425612,78,10.11,-66.78,28.0,2.6
515,Tuy Hoa,28,VN,1569425613,96,13.08,109.3,22.57,0.76
516,Mandalgovi,100,MN,1569425614,20,45.76,106.27,16.27,3.09
517,Sabha,0,LY,1569425573,11,27.03,14.43,36.87,1.42
518,Khani,75,GE,1569425616,69,41.96,42.96,24.0,1.5
519,Kilgore,20,US,1569425427,74,32.39,-94.88,28.33,5.7
520,Blackwater,51,GB,1569425618,68,51.33,-0.78,21.0,5.7
521,Fortuna,90,US,1569425620,93,40.6,-124.16,15.56,3.1
522,Nemuro,0,JP,1569425623,55,43.32,145.57,14.07,7.83
523,Northam,100,AU,1569425624,87,-31.65,116.67,13.0,1.86
524,Boguchany,75,RU,1569425625,76,58.38,97.46,3.87,1.69
525,Douglas,90,US,1569425627,93,58.28,-134.39,10.0,2.92
526,De-Kastri,0,RU,1569425628,68,51.48,140.77,4.47,4.32
527,Prince Rupert,90,CA,1569425507,93,54.32,-130.32,12.0,2.6
528,Qandala,0,SO,1569425630,55,11.47,49.87,31.87,4.47
529,Guerrero Negro,15,MX,1569425632,87,27.97,-114.04,19.57,2.01
530,Bambanglipuro,32,ID,1569425633,91,-7.95,110.28,24.57,5.0
531,Saint-Pierre,90,FR,1569425634,77,48.95,4.24,18.0,6.7
532,Sept-Iles,75,CA,1569425335,81,50.2,-66.38,10.0,4.1
533,Shaowu,100,CN,1569425636,58,27.34,117.49,17.57,1.11
534,Okhotsk,59,RU,1569425637,68,59.36,143.24,0.97,8.12
535,Tepeaca,40,MX,1569425638,68,18.97,-97.9,20.0,1.5
536,Rorvik,0,NO,1569425639,58,64.86,11.24,15.0,4.1
537,Kutum,0,SD,1569425641,17,14.2,24.66,33.17,6.2
538,Umm Lajj,0,SA,1569425642,79,25.02,37.27,28.67,4.97
539,Vilhena,20,BR,1569425406,55,-12.74,-60.15,31.0,3.1
540,Mogadishu,20,SO,1569425575,69,2.04,45.34,28.0,6.2
541,Sao Felix do Xingu,54,BR,1569425563,27,-6.64,-51.99,38.57,1.69
542,Abu Samrah,0,SY,1569425646,25,35.3,37.18,29.57,4.84
543,Hegang,0,CN,1569425647,76,47.34,130.28,6.57,0.89
544,Baj,0,HU,1569425648,64,47.65,18.36,21.67,3.1
545,Afogados da Ingazeira,32,BR,1569425649,24,-7.75,-37.64,31.87,4.7
546,Neepawa,40,CA,1569425650,81,50.23,-99.46,8.0,5.7
547,Yandyki,35,RU,1569425652,52,45.77,47.13,15.77,5.61
548,Arman,100,RU,1569425653,66,59.7,150.17,-2.53,4.6
549,Gasa,88,BT,1569425654,90,27.91,89.73,2.97,1.85
550,Ayr,79,AU,1569425655,87,-19.58,147.4,17.78,1.31
551,Yarega,100,RU,1569425656,93,63.43,53.58,1.47,5.68
552,Srednekolymsk,23,RU,1569425657,87,67.46,153.71,-4.23,4.81
553,Samarai,79,PG,1569425476,94,-10.62,150.67,22.87,3.4
554,Thinadhoo,100,MV,1569425659,70,0.53,72.93,27.97,5.99
555,Victoria,75,BN,1569425373,79,5.28,115.24,30.0,3.1
556,Morros,75,BR,1569425484,62,-2.87,-44.04,31.0,4.1
557,Otane,0,NZ,1569425663,75,-39.89,176.62,6.11,8.05
558,Yakeshi,0,CN,1569425664,71,49.28,120.73,10.47,1.03
559,Fort Nelson,75,CA,1569425665,100,58.81,-122.69,3.0,1.46
